[
  {
    "cik": "0000066740",
    "name": "Walmart Inc.",
    "ticker": "WMT",
    "exchange": null,
    "sic": null,
    "industry": "Retail - General Merchandise",
    "sector": "Consumer Staples",
    "market_cap": null,
    "fortune_rank": 1
  },
  {
    "cik": "0001018724",
    "name": "Amazon.com Inc.",
    "ticker": "AMZN",
    "exchange": null,
    "sic": null,
    "industry": "E-commerce & Cloud Computing",
    "sector": "Consumer Discretionary",
    "market_cap": null,
    "fortune_rank": 2
  },
  {
    "cik": "0000320193",
    "name": "Apple Inc.",
    "ticker": "AAPL",
    "exchange": null,
    "sic": null,
    "industry": "Technology Hardware",
    "sector": "Technology",
    "market_cap": null,
    "fortune_rank": 3
  },
  {
    "cik": "0000064803",
    "name": "CVS Health Corporation",
    "ticker": "CVS",
    "exchange": null,
    "sic": null,
    "industry": "Healthcare Services",
    "sector": "Healthcare",
    "market_cap": null,
    "fortune_rank": 4
  },
  {
    "cik": "0000731766",
    "name": "UnitedHealth Group Incorporated",
    "ticker": "UNH",
    "exchange": null,
    "sic": null,
    "industry": "Healthcare Insurance",
    "sector": "Healthcare",
    "market_cap": null,
    "fortune_rank": 5
  },
  {
    "cik": "0000034088",
    "name": "Exxon Mobil Corporation",
    "ticker": "XOM",
    "exchange": null,
    "sic": null,
    "industry": "Oil & Gas",
    "sector": "Energy",
    "market_cap": null,
    "fortune_rank": 6
  },
  {
    "cik": "0001067983",
    "name": "Berkshire Hathaway Inc.",
    "ticker": "BRK.A",
    "exchange": null,
    "sic": null,
    "industry": "Financial Services",
    "sector": "Financial Services",
    "market_cap": null,
    "fortune_rank": 7
  },
  {
    "cik": "0001652044",
    "name": "Alphabet Inc.",
    "ticker": "GOOGL",
    "exchange": null,
    "sic": null,
    "industry": "Internet & Technology",
    "sector": "Technology",
    "market_cap": null,
    "fortune_rank": 8
  },
  {
    "cik": "0000927653",
    "name": "McKesson Corporation",
    "ticker": "MCK",
    "exchange": null,
    "sic": null,
    "industry": "Healthcare Distribution",
    "sector": "Healthcare",
    "market_cap": null,
    "fortune_rank": 9
  },
  {
    "cik": "0001140859",
    "name": "Cencora Inc.",
    "ticker": "COR",
    "exchange": null,
    "sic": null,
    "industry": "Healthcare Distribution",
    "sector": "Healthcare",
    "market_cap": null,
    "fortune_rank": 10
  },
  {
    "cik": "0000909832",
    "name": "Costco Wholesale Corporation",
    "ticker": "COST",
    "exchange": null,
    "sic": null,
    "industry": "Retail - Warehouse Clubs",
    "sector": "Consumer Staples",
    "market_cap": null,
    "fortune_rank": 11
  },
  {
    "cik": "0000019617",
    "name": "JPMorgan Chase & Co.",
    "ticker": "JPM",
    "exchange": null,
    "sic": null,
    "industry": "Banking",
    "sector": "Financial Services",
    "market_cap": null,
    "fortune_rank": 12
  },
  {
    "cik": "0000789019",
    "name": "Microsoft Corporation",
    "ticker": "MSFT",
    "exchange": null,
    "sic": null,
    "industry": "Software & Technology",
    "sector": "Technology",
    "market_cap": null,
    "fortune_rank": 13
  },
  {
    "cik": "0000721371",
    "name": "Cardinal Health, Inc.",
    "ticker": "CAH",
    "exchange": null,
    "sic": null,
    "industry": "Healthcare Distribution",
    "sector": "Healthcare",
    "market_cap": null,
    "fortune_rank": 14
  },
  {
    "cik": "0000093410",
    "name": "Chevron Corporation",
    "ticker": "CVX",
    "exchange": null,
    "sic": null,
    "industry": "Oil & Gas",
    "sector": "Energy",
    "market_cap": null,
    "fortune_rank": 15
  },
  {
    "cik": "0000037996",
    "name": "Ford Motor Company",
    "ticker": "F",
    "exchange": null,
    "sic": null,
    "industry": "Automotive",
    "sector": "Consumer Discretionary",
    "market_cap": null,
    "fortune_rank": 16
  },
  {
    "cik": "0001467858",
    "name": "General Motors Company",
    "ticker": "GM",
    "exchange": null,
    "sic": null,
    "industry": "Automotive",
    "sector": "Consumer Discretionary",
    "market_cap": null,
    "fortune_rank": 17
  },
  {
    "cik": "0001156039",
    "name": "Elevance Health, Inc.",
    "ticker": "ELV",
    "exchange": null,
    "sic": null,
    "industry": "Healthcare Insurance",
    "sector": "Healthcare",
    "market_cap": null,
    "fortune_rank": 18
  },
  {
    "cik": "0000310522",
    "name": "Fannie Mae",
    "ticker": "FNMA",
    "exchange": null,
    "sic": null,
    "industry": "Financial Services",
    "sector": "Financial Services",
    "market_cap": null,
    "fortune_rank": 19
  },
  {
    "cik": "0000354950",
    "name": "Home Depot, Inc.",
    "ticker": "HD",
    "exchange": null,
    "sic": null,
    "industry": "Retail - Home Improvement",
    "sector": "Consumer Discretionary",
    "market_cap": null,
    "fortune_rank": 20
  },
  {
    "cik": "0001510295",
    "name": "Marathon Petroleum Corporation",
    "ticker": "MPC",
    "exchange": null,
    "sic": null,
    "industry": "Oil Refining",
    "sector": "Energy",
    "market_cap": null,
    "fortune_rank": 21
  },
  {
    "cik": "0001534701",
    "name": "Phillips 66",
    "ticker": "PSX",
    "exchange": null,
    "sic": null,
    "industry": "Oil Refining",
    "sector": "Energy",
    "market_cap": null,
    "fortune_rank": 22
  },
  {
    "cik": "0001035002",
    "name": "Valero Energy Corporation",
    "ticker": "VLO",
    "exchange": null,
    "sic": null,
    "industry": "Oil Refining",
    "sector": "Energy",
    "market_cap": null,
    "fortune_rank": 23
  },
  {
    "cik": "0000056873",
    "name": "Kroger Co.",
    "ticker": "KR",
    "exchange": null,
    "sic": null,
    "industry": "Retail - Grocery",
    "sector": "Consumer Staples",
    "market_cap": null,
    "fortune_rank": 24
  },
  {
    "cik": "0000070858",
    "name": "Bank of America Corporation",
    "ticker": "BAC",
    "exchange": null,
    "sic": null,
    "industry": "Banking",
    "sector": "Financial Services",
    "market_cap": null,
    "fortune_rank": 25
  },
  {
    "cik": "0001071739",
    "name": "Centene Corporation",
    "ticker": "CNC",
    "exchange": null,
    "sic": null,
    "industry": "Healthcare Insurance",
    "sector": "Healthcare",
    "market_cap": null,
    "fortune_rank": 26
  },
  {
    "cik": "0000732712",
    "name": "Verizon Communications Inc.",
    "ticker": "VZ",
    "exchange": null,
    "sic": null,
    "industry": "Telecommunications",
    "sector": "Telecommunications",
    "market_cap": null,
    "fortune_rank": 27
  },
  {
    "cik": "0000701221",
    "name": "Cigna Group",
    "ticker": "CI",
    "exchange": null,
    "sic": null,
    "industry": "Healthcare Insurance",
    "sector": "Healthcare",
    "market_cap": null,
    "fortune_rank": 28
  },
  {
    "cik": "0000732717",
    "name": "AT&T Inc.",
    "ticker": "T",
    "exchange": null,
    "sic": null,
    "industry": "Telecommunications",
    "sector": "Telecommunications",
    "market_cap": null,
    "fortune_rank": 29
  },
  {
    "cik": "0000040545",
    "name": "General Electric Company",
    "ticker": "GE",
    "exchange": null,
    "sic": null,
    "industry": "Industrial Conglomerate",
    "sector": "Industrials",
    "market_cap": null,
    "fortune_rank": 30
  },
  {
    "cik": "0001318605",
    "name": "Tesla, Inc.",
    "ticker": "TSLA",
    "exchange": null,
    "sic": null,
    "industry": "Electric Vehicles",
    "sector": "Consumer Discretionary",
    "market_cap": null,
    "fortune_rank": 31
  },
  {
    "cik": "0001618921",
    "name": "Walgreens Boots Alliance, Inc.",
    "ticker": "WBA",
    "exchange": null,
    "sic": null,
    "industry": "Retail - Pharmacy",
    "sector": "Consumer Staples",
    "market_cap": null,
    "fortune_rank": 32
  },
  {
    "cik": "0001326801",
    "name": "Meta Platforms, Inc.",
    "ticker": "META",
    "exchange": null,
    "sic": null,
    "industry": "Social Media & Technology",
    "sector": "Technology",
    "market_cap": null,
    "fortune_rank": 33
  },
  {
    "cik": "0001166691",
    "name": "Comcast Corporation",
    "ticker": "CMCSA",
    "exchange": null,
    "sic": null,
    "industry": "Media & Telecommunications",
    "sector": "Telecommunications",
    "market_cap": null,
    "fortune_rank": 34
  },
  {
    "cik": "0000026214",
    "name": "Freddie Mac",
    "ticker": "FMCC",
    "exchange": null,
    "sic": null,
    "industry": "Financial Services",
    "sector": "Financial Services",
    "market_cap": null,
    "fortune_rank": 35
  },
  {
    "cik": "0000051143",
    "name": "IBM Corporation",
    "ticker": "IBM",
    "exchange": null,
    "sic": null,
    "industry": "Technology Services",
    "sector": "Technology",
    "market_cap": null,
    "fortune_rank": 36
  },
  {
    "cik": "0001276187",
    "name": "Energy Transfer LP",
    "ticker": "ET",
    "exchange": null,
    "sic": null,
    "industry": "Energy Infrastructure",
    "sector": "Energy",
    "market_cap": null,
    "fortune_rank": 37
  },
  {
    "cik": "0000080424",
    "name": "Procter & Gamble Company",
    "ticker": "PG",
    "exchange": null,
    "sic": null,
    "industry": "Consumer Goods",
    "sector": "Consumer Staples",
    "market_cap": null,
    "fortune_rank": 38
  },
  {
    "cik": "0000007084",
    "name": "Archer-Daniels-Midland Company",
    "ticker": "ADM",
    "exchange": null,
    "sic": null,
    "industry": "Agriculture & Food Processing",
    "sector": "Consumer Staples",
    "market_cap": null,
    "fortune_rank": 39
  },
  {
    "cik": "0000200406",
    "name": "Johnson & Johnson",
    "ticker": "JNJ",
    "exchange": null,
    "sic": null,
    "industry": "Pharmaceuticals",
    "sector": "Healthcare",
    "market_cap": null,
    "fortune_rank": 40
  },
  {
    "cik": "0001571996",
    "name": "Dell Technologies Inc.",
    "ticker": "DELL",
    "exchange": null,
    "sic": null,
    "industry": "Technology Hardware",
    "sector": "Technology",
    "market_cap": null,
    "fortune_rank": 41
  },
  {
    "cik": "0001048911",
    "name": "FedEx Corporation",
    "ticker": "FDX",
    "exchange": null,
    "sic": null,
    "industry": "Transportation & Logistics",
    "sector": "Industrials",
    "market_cap": null,
    "fortune_rank": 42
  },
  {
    "cik": "0001090727",
    "name": "UPS, Inc.",
    "ticker": "UPS",
    "exchange": null,
    "sic": null,
    "industry": "Transportation & Logistics",
    "sector": "Industrials",
    "market_cap": null,
    "fortune_rank": 43
  },
  {
    "cik": "0000060667",
    "name": "Lowe's Companies, Inc.",
    "ticker": "LOW",
    "exchange": null,
    "sic": null,
    "industry": "Retail - Home Improvement",
    "sector": "Consumer Discretionary",
    "market_cap": null,
    "fortune_rank": 44
  },
  {
    "cik": "0000072971",
    "name": "Wells Fargo & Company",
    "ticker": "WFC",
    "exchange": null,
    "sic": null,
    "industry": "Banking",
    "sector": "Financial Services",
    "market_cap": null,
    "fortune_rank": 45
  },
  {
    "cik": "0000027419",
    "name": "Target Corporation",
    "ticker": "TGT",
    "exchange": null,
    "sic": null,
    "industry": "Retail - General Merchandise",
    "sector": "Consumer Discretionary",
    "market_cap": null,
    "fortune_rank": 46
  },
  {
    "cik": "0000049071",
    "name": "Humana Inc.",
    "ticker": "HUM",
    "exchange": null,
    "sic": null,
    "industry": "Healthcare Insurance",
    "sector": "Healthcare",
    "market_cap": null,
    "fortune_rank": 47
  },
  {
    "cik": "0000936468",
    "name": "Lockheed Martin Corporation",
    "ticker": "LMT",
    "exchange": null,
    "sic": null,
    "industry": "Aerospace & Defense",
    "sector": "Industrials",
    "market_cap": null,
    "fortune_rank": 48
  },
  {
    "cik": "0001551152",
    "name": "AbbVie Inc.",
    "ticker": "ABBV",
    "exchange": null,
    "sic": null,
    "industry": "Pharmaceuticals",
    "sector": "Healthcare",
    "market_cap": null,
    "fortune_rank": 49
  },
  {
    "cik": "0000018230",
    "name": "Caterpillar Inc.",
    "ticker": "CAT",
    "exchange": null,
    "sic": null,
    "industry": "Industrial Machinery",
    "sector": "Industrials",
    "market_cap": null,
    "fortune_rank": 50
  }
]